Delta,Added Lines,Removed Lines,Download URL
116,231,115,https://huggingface.co/buckets/llvm-opt-benchmark/llvm-opt-benchmark/resolve/darktable/original/decoders_dcraw.bc?download=true
100,1885,1785,https://huggingface.co/buckets/llvm-opt-benchmark/llvm-opt-benchmark/resolve/faiss/original/clone_index.bc?download=true
81,497,416,https://huggingface.co/buckets/llvm-opt-benchmark/llvm-opt-benchmark/resolve/darktable/original/introspection_colorequal.bc?download=true
71,500,429,https://huggingface.co/buckets/llvm-opt-benchmark/llvm-opt-benchmark/resolve/lvgl/original/lv_draw_sw_box_shadow.bc?download=true
61,557,496,https://huggingface.co/buckets/llvm-opt-benchmark/llvm-opt-benchmark/resolve/darktable/original/amaze.bc?download=true
46,387,341,https://huggingface.co/buckets/llvm-opt-benchmark/llvm-opt-benchmark/resolve/darktable/original/introspection_demosaic.bc?download=true
33,121,88,https://huggingface.co/buckets/llvm-opt-benchmark/llvm-opt-benchmark/resolve/darktable/original/common.bc?download=true
31,295,264,https://huggingface.co/buckets/llvm-opt-benchmark/llvm-opt-benchmark/resolve/darktable/original/imageop_math.bc?download=true
30,319,289,https://huggingface.co/buckets/llvm-opt-benchmark/llvm-opt-benchmark/resolve/darktable/original/introspection_colorin.bc?download=true
29,75,46,https://huggingface.co/buckets/llvm-opt-benchmark/llvm-opt-benchmark/resolve/ncnn/original/interp_x86_fma.bc?download=true
27,213,186,https://huggingface.co/buckets/llvm-opt-benchmark/llvm-opt-benchmark/resolve/darktable/original/blendif_rgb_jzczhz.bc?download=true
26,144,118,https://huggingface.co/buckets/llvm-opt-benchmark/llvm-opt-benchmark/resolve/darktable/original/introspection_rgbcurve.bc?download=true
22,74,52,https://huggingface.co/buckets/llvm-opt-benchmark/llvm-opt-benchmark/resolve/ncnn/original/convolutiondepthwise_x86_fma.bc?download=true
22,75,53,https://huggingface.co/buckets/llvm-opt-benchmark/llvm-opt-benchmark/resolve/ncnn/original/convolutiondepthwise_x86_avx512.bc?download=true
22,669,647,https://huggingface.co/buckets/llvm-opt-benchmark/llvm-opt-benchmark/resolve/darktable/original/path.bc?download=true
21,581,560,https://huggingface.co/buckets/llvm-opt-benchmark/llvm-opt-benchmark/resolve/darktable/original/introspection_channelmixerrgb.bc?download=true
20,447,427,https://huggingface.co/buckets/llvm-opt-benchmark/llvm-opt-benchmark/resolve/faiss/original/RaBitQUtils.bc?download=true
18,63,45,https://huggingface.co/buckets/llvm-opt-benchmark/llvm-opt-benchmark/resolve/darktable/original/thumbnail_btn.bc?download=true
18,267,249,https://huggingface.co/buckets/llvm-opt-benchmark/llvm-opt-benchmark/resolve/libigl/original/scene_instance.bc?download=true
18,761,743,https://huggingface.co/buckets/llvm-opt-benchmark/llvm-opt-benchmark/resolve/ncnn/original/convolution_x86_avx512.bc?download=true
17,173,156,https://huggingface.co/buckets/llvm-opt-benchmark/llvm-opt-benchmark/resolve/ncnn/original/roialign_x86_fma.bc?download=true
15,494,479,https://huggingface.co/buckets/llvm-opt-benchmark/llvm-opt-benchmark/resolve/darktable/original/brush.bc?download=true
14,126,112,https://huggingface.co/buckets/llvm-opt-benchmark/llvm-opt-benchmark/resolve/darktable/original/introspection_lens.bc?download=true
12,92,80,https://huggingface.co/buckets/llvm-opt-benchmark/llvm-opt-benchmark/resolve/darktable/original/introspection_filmic.bc?download=true
12,1093,1081,https://huggingface.co/buckets/llvm-opt-benchmark/llvm-opt-benchmark/resolve/darktable/original/introspection_ashift.bc?download=true
11,57,46,https://huggingface.co/buckets/llvm-opt-benchmark/llvm-opt-benchmark/resolve/darktable/original/introspection_gamma.bc?download=true
9,24,15,https://huggingface.co/buckets/llvm-opt-benchmark/llvm-opt-benchmark/resolve/ncnn/original/gemm_x86_avx512bf16.bc?download=true
8,157,149,https://huggingface.co/buckets/llvm-opt-benchmark/llvm-opt-benchmark/resolve/box3d/original/distance.bc?download=true
8,246,238,https://huggingface.co/buckets/llvm-opt-benchmark/llvm-opt-benchmark/resolve/darktable/original/introspection_temperature.bc?download=true
7,45,38,https://huggingface.co/buckets/llvm-opt-benchmark/llvm-opt-benchmark/resolve/darktable/original/blendif_rgb_hsl.bc?download=true
7,51,44,https://huggingface.co/buckets/llvm-opt-benchmark/llvm-opt-benchmark/resolve/darktable/original/introspection_basicadj.bc?download=true
7,65,58,https://huggingface.co/buckets/llvm-opt-benchmark/llvm-opt-benchmark/resolve/darktable/original/introspection_colorout.bc?download=true
7,175,168,https://huggingface.co/buckets/llvm-opt-benchmark/llvm-opt-benchmark/resolve/darktable/original/introspection_channelmixer.bc?download=true
6,47,41,https://huggingface.co/buckets/llvm-opt-benchmark/llvm-opt-benchmark/resolve/darktable/original/colorchart.bc?download=true
6,68,62,https://huggingface.co/buckets/llvm-opt-benchmark/llvm-opt-benchmark/resolve/darktable/original/densecrf.bc?download=true
6,173,167,https://huggingface.co/buckets/llvm-opt-benchmark/llvm-opt-benchmark/resolve/darktable/original/circle.bc?download=true
5,24,19,https://huggingface.co/buckets/llvm-opt-benchmark/llvm-opt-benchmark/resolve/darktable/original/introspection_rgblevels.bc?download=true
5,46,41,https://huggingface.co/buckets/llvm-opt-benchmark/llvm-opt-benchmark/resolve/darktable/original/introspection_basecurve.bc?download=true
5,47,42,https://huggingface.co/buckets/llvm-opt-benchmark/llvm-opt-benchmark/resolve/darktable/original/introspection_colorzones.bc?download=true
5,60,55,https://huggingface.co/buckets/llvm-opt-benchmark/llvm-opt-benchmark/resolve/darktable/original/introspection_colorize.bc?download=true
5,121,116,https://huggingface.co/buckets/llvm-opt-benchmark/llvm-opt-benchmark/resolve/darktable/original/ellipse.bc?download=true
5,136,131,https://huggingface.co/buckets/llvm-opt-benchmark/llvm-opt-benchmark/resolve/bullet3/original/btHingeConstraint.bc?download=true
5,138,133,https://huggingface.co/buckets/llvm-opt-benchmark/llvm-opt-benchmark/resolve/llvm-test-suite/original/btHingeConstraint.bc?download=true
5,171,166,https://huggingface.co/buckets/llvm-opt-benchmark/llvm-opt-benchmark/resolve/darktable/original/introspection_tonecurve.bc?download=true
4,26,22,https://huggingface.co/buckets/llvm-opt-benchmark/llvm-opt-benchmark/resolve/darktable/original/blend_gui.bc?download=true
4,30,26,https://huggingface.co/buckets/llvm-opt-benchmark/llvm-opt-benchmark/resolve/darktable/original/postprocessing_utils.bc?download=true
4,138,134,https://huggingface.co/buckets/llvm-opt-benchmark/llvm-opt-benchmark/resolve/darktable/original/color_picker.bc?download=true
3,10,7,https://huggingface.co/buckets/llvm-opt-benchmark/llvm-opt-benchmark/resolve/darktable/original/introspection_agx.bc?download=true
3,10,7,https://huggingface.co/buckets/llvm-opt-benchmark/llvm-opt-benchmark/resolve/darktable/original/introspection_overexposed.bc?download=true
3,13,10,https://huggingface.co/buckets/llvm-opt-benchmark/llvm-opt-benchmark/resolve/darktable/original/introspection_exposure.bc?download=true
3,37,34,https://huggingface.co/buckets/llvm-opt-benchmark/llvm-opt-benchmark/resolve/opencv/original/homography_solver.bc?download=true
3,412,409,https://huggingface.co/buckets/llvm-opt-benchmark/llvm-opt-benchmark/resolve/darktable/original/introspection_colorharmonizer.bc?download=true
3,720,717,https://huggingface.co/buckets/llvm-opt-benchmark/llvm-opt-benchmark/resolve/darktable/original/introspection_clipping.bc?download=true
2,13,11,https://huggingface.co/buckets/llvm-opt-benchmark/llvm-opt-benchmark/resolve/darktable/original/introspection_tonemap.bc?download=true
2,29,27,https://huggingface.co/buckets/llvm-opt-benchmark/llvm-opt-benchmark/resolve/box3d_ubsan/original/solver.bc?download=true
2,29,27,https://huggingface.co/buckets/llvm-opt-benchmark/llvm-opt-benchmark/resolve/box3d/original/solver.bc?download=true
2,39,37,https://huggingface.co/buckets/llvm-opt-benchmark/llvm-opt-benchmark/resolve/darktable/original/postprocessing_utils_dcrdefs.bc?download=true
2,42,40,https://huggingface.co/buckets/llvm-opt-benchmark/llvm-opt-benchmark/resolve/ncnn/original/convolution_x86.bc?download=true
2,66,64,https://huggingface.co/buckets/llvm-opt-benchmark/llvm-opt-benchmark/resolve/darktable/original/aahd_demosaic.bc?download=true
2,88,86,https://huggingface.co/buckets/llvm-opt-benchmark/llvm-opt-benchmark/resolve/opencv/original/essential_solver.bc?download=true
2,88,86,https://huggingface.co/buckets/llvm-opt-benchmark/llvm-opt-benchmark/resolve/darktable/original/introspection_dither.bc?download=true
2,101,99,https://huggingface.co/buckets/llvm-opt-benchmark/llvm-opt-benchmark/resolve/oiio/original/Platform.bc?download=true
2,114,112,https://huggingface.co/buckets/llvm-opt-benchmark/llvm-opt-benchmark/resolve/ffmpeg/original/mem.bc?download=true
2,188,186,https://huggingface.co/buckets/llvm-opt-benchmark/llvm-opt-benchmark/resolve/luanti/original/content_mapblock.bc?download=true
2,188,186,https://huggingface.co/buckets/llvm-opt-benchmark/llvm-opt-benchmark/resolve/fftw3/original/r2cfII_25.bc?download=true
2,270,268,https://huggingface.co/buckets/llvm-opt-benchmark/llvm-opt-benchmark/resolve/opencv/original/rho.bc?download=true
2,1819,1817,https://huggingface.co/buckets/llvm-opt-benchmark/llvm-opt-benchmark/resolve/libigl/original/predicates.bc?download=true
2,1994,1992,https://huggingface.co/buckets/llvm-opt-benchmark/llvm-opt-benchmark/resolve/lightgbm/original/application.bc?download=true
2,4092,4090,https://huggingface.co/buckets/llvm-opt-benchmark/llvm-opt-benchmark/resolve/lightgbm/original/c_api.bc?download=true
1,9,8,https://huggingface.co/buckets/llvm-opt-benchmark/llvm-opt-benchmark/resolve/darktable/original/introspection_colormapping.bc?download=true
1,14,13,https://huggingface.co/buckets/llvm-opt-benchmark/llvm-opt-benchmark/resolve/darktable/original/bauhaus.bc?download=true
1,20,19,https://huggingface.co/buckets/llvm-opt-benchmark/llvm-opt-benchmark/resolve/darktable/original/culling.bc?download=true
1,26,25,https://huggingface.co/buckets/llvm-opt-benchmark/llvm-opt-benchmark/resolve/darktable/original/introspection_retouch.bc?download=true
1,27,26,https://huggingface.co/buckets/llvm-opt-benchmark/llvm-opt-benchmark/resolve/llvm-test-suite/original/dt.bc?download=true
1,37,36,https://huggingface.co/buckets/llvm-opt-benchmark/llvm-opt-benchmark/resolve/llvm-test-suite/original/trmm.bc?download=true
1,43,42,https://huggingface.co/buckets/llvm-opt-benchmark/llvm-opt-benchmark/resolve/llvm-test-suite/original/seidel-2d.bc?download=true
1,44,43,https://huggingface.co/buckets/llvm-opt-benchmark/llvm-opt-benchmark/resolve/llvm-test-suite/original/symm.bc?download=true
1,44,43,https://huggingface.co/buckets/llvm-opt-benchmark/llvm-opt-benchmark/resolve/llvm-test-suite/original/covariance.bc?download=true
1,47,46,https://huggingface.co/buckets/llvm-opt-benchmark/llvm-opt-benchmark/resolve/assimp/original/HL1MDLLoader.bc?download=true
1,47,46,https://huggingface.co/buckets/llvm-opt-benchmark/llvm-opt-benchmark/resolve/llvm-test-suite/original/trisolv.bc?download=true
1,49,48,https://huggingface.co/buckets/llvm-opt-benchmark/llvm-opt-benchmark/resolve/luanti/original/hud.bc?download=true
1,50,49,https://huggingface.co/buckets/llvm-opt-benchmark/llvm-opt-benchmark/resolve/llvm-test-suite/original/jacobi-2d.bc?download=true
1,50,49,https://huggingface.co/buckets/llvm-opt-benchmark/llvm-opt-benchmark/resolve/llvm-test-suite/original/floyd-warshall.bc?download=true
1,50,49,https://huggingface.co/buckets/llvm-opt-benchmark/llvm-opt-benchmark/resolve/llvm-test-suite/original/jacobi-1d.bc?download=true
1,51,50,https://huggingface.co/buckets/llvm-opt-benchmark/llvm-opt-benchmark/resolve/llvm-test-suite/original/adi.bc?download=true
1,53,52,https://huggingface.co/buckets/llvm-opt-benchmark/llvm-opt-benchmark/resolve/tev/original/ImageCanvas.bc?download=true
1,54,53,https://huggingface.co/buckets/llvm-opt-benchmark/llvm-opt-benchmark/resolve/bullet3/original/btReducedDeformableBody.bc?download=true
1,54,53,https://huggingface.co/buckets/llvm-opt-benchmark/llvm-opt-benchmark/resolve/llvm-test-suite/original/correlation.bc?download=true
1,54,53,https://huggingface.co/buckets/llvm-opt-benchmark/llvm-opt-benchmark/resolve/llvm-test-suite/original/atax.bc?download=true
1,58,57,https://huggingface.co/buckets/llvm-opt-benchmark/llvm-opt-benchmark/resolve/llvm-test-suite/original/syrk.bc?download=true
1,58,57,https://huggingface.co/buckets/llvm-opt-benchmark/llvm-opt-benchmark/resolve/llvm-test-suite/original/gesummv.bc?download=true
1,58,57,https://huggingface.co/buckets/llvm-opt-benchmark/llvm-opt-benchmark/resolve/llvm-test-suite/original/gramschmidt.bc?download=true
1,59,58,https://huggingface.co/buckets/llvm-opt-benchmark/llvm-opt-benchmark/resolve/llvm-test-suite/original/doitgen.bc?download=true
1,62,61,https://huggingface.co/buckets/llvm-opt-benchmark/llvm-opt-benchmark/resolve/llvm-test-suite/original/syr2k.bc?download=true
1,62,61,https://huggingface.co/buckets/llvm-opt-benchmark/llvm-opt-benchmark/resolve/llvm-test-suite/original/bicg.bc?download=true
1,63,62,https://huggingface.co/buckets/llvm-opt-benchmark/llvm-opt-benchmark/resolve/llvm-test-suite/original/heat-3d.bc?download=true
1,64,63,https://huggingface.co/buckets/llvm-opt-benchmark/llvm-opt-benchmark/resolve/llvm-test-suite/original/nussinov.bc?download=true
1,68,67,https://huggingface.co/buckets/llvm-opt-benchmark/llvm-opt-benchmark/resolve/llvm-test-suite/original/lu.bc?download=true
1,70,69,https://huggingface.co/buckets/llvm-opt-benchmark/llvm-opt-benchmark/resolve/llvm-test-suite/original/durbin.bc?download=true
1,72,71,https://huggingface.co/buckets/llvm-opt-benchmark/llvm-opt-benchmark/resolve/llvm-test-suite/original/cholesky.bc?download=true
1,74,73,https://huggingface.co/buckets/llvm-opt-benchmark/llvm-opt-benchmark/resolve/velox/original/lock_pool.bc?download=true
1,86,85,https://huggingface.co/buckets/llvm-opt-benchmark/llvm-opt-benchmark/resolve/llvm-test-suite/original/deriche.bc?download=true
1,87,86,https://huggingface.co/buckets/llvm-opt-benchmark/llvm-opt-benchmark/resolve/llvm-test-suite/original/mvt.bc?download=true
1,88,87,https://huggingface.co/buckets/llvm-opt-benchmark/llvm-opt-benchmark/resolve/llvm-test-suite/original/mg.bc?download=true
1,88,87,https://huggingface.co/buckets/llvm-opt-benchmark/llvm-opt-benchmark/resolve/tev/original/mec_mr3_io.bc?download=true
1,88,87,https://huggingface.co/buckets/llvm-opt-benchmark/llvm-opt-benchmark/resolve/llvm-test-suite/original/gemver.bc?download=true
1,91,90,https://huggingface.co/buckets/llvm-opt-benchmark/llvm-opt-benchmark/resolve/llvm-test-suite/original/fdtd-2d.bc?download=true
1,102,101,https://huggingface.co/buckets/llvm-opt-benchmark/llvm-opt-benchmark/resolve/llvm-test-suite/original/ludcmp.bc?download=true
1,107,106,https://huggingface.co/buckets/llvm-opt-benchmark/llvm-opt-benchmark/resolve/lightgbm/original/sample_strategy.bc?download=true
1,115,114,https://huggingface.co/buckets/llvm-opt-benchmark/llvm-opt-benchmark/resolve/boost/original/lock_pool.bc?download=true
1,157,156,https://huggingface.co/buckets/llvm-opt-benchmark/llvm-opt-benchmark/resolve/opencv/original/calibration_base.bc?download=true
1,167,166,https://huggingface.co/buckets/llvm-opt-benchmark/llvm-opt-benchmark/resolve/llvm-test-suite/original/tsc.bc?download=true
1,173,172,https://huggingface.co/buckets/llvm-opt-benchmark/llvm-opt-benchmark/resolve/lightgbm/original/train_share_states.bc?download=true
1,250,249,https://huggingface.co/buckets/llvm-opt-benchmark/llvm-opt-benchmark/resolve/llama-cpp/original/llama-mmap.bc?download=true
1,329,328,https://huggingface.co/buckets/llvm-opt-benchmark/llvm-opt-benchmark/resolve/rocksdb/original/port_posix.bc?download=true
1,332,331,https://huggingface.co/buckets/llvm-opt-benchmark/llvm-opt-benchmark/resolve/ncnn/original/mat.bc?download=true
1,629,628,https://huggingface.co/buckets/llvm-opt-benchmark/llvm-opt-benchmark/resolve/lightgbm/original/gbdt.bc?download=true
1,697,696,https://huggingface.co/buckets/llvm-opt-benchmark/llvm-opt-benchmark/resolve/lightgbm/original/data_parallel_tree_learner.bc?download=true
1,926,925,https://huggingface.co/buckets/llvm-opt-benchmark/llvm-opt-benchmark/resolve/oiio/original/sysutil.bc?download=true
1,1035,1034,https://huggingface.co/buckets/llvm-opt-benchmark/llvm-opt-benchmark/resolve/lightgbm/original/serial_tree_learner.bc?download=true
1,1196,1195,https://huggingface.co/buckets/llvm-opt-benchmark/llvm-opt-benchmark/resolve/ncnn/original/ncnnoptimize.bc?download=true
1,1481,1480,https://huggingface.co/buckets/llvm-opt-benchmark/llvm-opt-benchmark/resolve/faiss/original/test_single_query_collect_handler.bc?download=true
1,1721,1720,https://huggingface.co/buckets/llvm-opt-benchmark/llvm-opt-benchmark/resolve/ncnn/original/ncnn2int8.bc?download=true
1,2653,2652,https://huggingface.co/buckets/llvm-opt-benchmark/llvm-opt-benchmark/resolve/jsonnet/original/rapidyaml.bc?download=true
1,2800,2799,https://huggingface.co/buckets/llvm-opt-benchmark/llvm-opt-benchmark/resolve/node/original/isolate.bc?download=true
1,3566,3565,https://huggingface.co/buckets/llvm-opt-benchmark/llvm-opt-benchmark/resolve/lightgbm/original/dataset.bc?download=true
0,1,1,https://huggingface.co/buckets/llvm-opt-benchmark/llvm-opt-benchmark/resolve/proj/original/defmodel.bc?download=true
0,1,1,https://huggingface.co/buckets/llvm-opt-benchmark/llvm-opt-benchmark/resolve/llvm/original/ReorderFunctions.bc?download=true
0,1,1,https://huggingface.co/buckets/llvm-opt-benchmark/llvm-opt-benchmark/resolve/ffmpeg/original/yuv2rgb.bc?download=true
0,1,1,https://huggingface.co/buckets/llvm-opt-benchmark/llvm-opt-benchmark/resolve/opencv/original/color_lab.bc?download=true
0,1,1,https://huggingface.co/buckets/llvm-opt-benchmark/llvm-opt-benchmark/resolve/bullet3/original/btMultiBodyDynamicsWorld.bc?download=true
0,1,1,https://huggingface.co/buckets/llvm-opt-benchmark/llvm-opt-benchmark/resolve/ffmpeg/original/demux.bc?download=true
0,1,1,https://huggingface.co/buckets/llvm-opt-benchmark/llvm-opt-benchmark/resolve/redis/original/t_hash.bc?download=true
0,1,1,https://huggingface.co/buckets/llvm-opt-benchmark/llvm-opt-benchmark/resolve/gromacs/original/dispersioncorrection.bc?download=true
0,1,1,https://huggingface.co/buckets/llvm-opt-benchmark/llvm-opt-benchmark/resolve/luanti/original/test_irr_matrix4.bc?download=true
0,1,1,https://huggingface.co/buckets/llvm-opt-benchmark/llvm-opt-benchmark/resolve/postgres/original/costsize.bc?download=true
0,1,1,https://huggingface.co/buckets/llvm-opt-benchmark/llvm-opt-benchmark/resolve/opencv/original/p3p.bc?download=true
0,1,1,https://huggingface.co/buckets/llvm-opt-benchmark/llvm-opt-benchmark/resolve/ffmpeg/original/vorbisenc.bc?download=true
0,1,1,https://huggingface.co/buckets/llvm-opt-benchmark/llvm-opt-benchmark/resolve/ffmpeg/original/mobiclip.bc?download=true
0,1,1,https://huggingface.co/buckets/llvm-opt-benchmark/llvm-opt-benchmark/resolve/opencv/original/pinhole.bc?download=true
0,1,1,https://huggingface.co/buckets/llvm-opt-benchmark/llvm-opt-benchmark/resolve/opencv/original/arena.bc?download=true
0,1,1,https://huggingface.co/buckets/llvm-opt-benchmark/llvm-opt-benchmark/resolve/tev/original/colorwheel.bc?download=true
0,1,1,https://huggingface.co/buckets/llvm-opt-benchmark/llvm-opt-benchmark/resolve/llvm-test-suite/original/newbh.bc?download=true
0,1,1,https://huggingface.co/buckets/llvm-opt-benchmark/llvm-opt-benchmark/resolve/ffmpeg/original/texturedspenc.bc?download=true
0,1,1,https://huggingface.co/buckets/llvm-opt-benchmark/llvm-opt-benchmark/resolve/llvm-test-suite/original/PolyGas.bc?download=true
0,1,1,https://huggingface.co/buckets/llvm-opt-benchmark/llvm-opt-benchmark/resolve/ffmpeg/original/af_aexciter.bc?download=true
0,2,2,https://huggingface.co/buckets/llvm-opt-benchmark/llvm-opt-benchmark/resolve/assimp/original/FBXExporter.bc?download=true
0,2,2,https://huggingface.co/buckets/llvm-opt-benchmark/llvm-opt-benchmark/resolve/lightgbm/original/objective_function.bc?download=true
0,2,2,https://huggingface.co/buckets/llvm-opt-benchmark/llvm-opt-benchmark/resolve/opencv/original/tree.bc?download=true
0,2,2,https://huggingface.co/buckets/llvm-opt-benchmark/llvm-opt-benchmark/resolve/image-rs/original/image-8036e6f222cb5171.image.759311b8532bf42b-cgu.10.bc?download=true
0,2,2,https://huggingface.co/buckets/llvm-opt-benchmark/llvm-opt-benchmark/resolve/xgboost/original/auc.bc?download=true
0,2,2,https://huggingface.co/buckets/llvm-opt-benchmark/llvm-opt-benchmark/resolve/pbrt-v4/original/transform.bc?download=true
0,2,2,https://huggingface.co/buckets/llvm-opt-benchmark/llvm-opt-benchmark/resolve/opencv/original/window_gtk.bc?download=true
0,2,2,https://huggingface.co/buckets/llvm-opt-benchmark/llvm-opt-benchmark/resolve/ffmpeg/original/tiff.bc?download=true
0,2,2,https://huggingface.co/buckets/llvm-opt-benchmark/llvm-opt-benchmark/resolve/opencv/original/pnp_solver.bc?download=true
0,2,2,https://huggingface.co/buckets/llvm-opt-benchmark/llvm-opt-benchmark/resolve/gromacs/original/pme_solve.bc?download=true
0,2,2,https://huggingface.co/buckets/llvm-opt-benchmark/llvm-opt-benchmark/resolve/opencv/original/daisy.bc?download=true
0,2,2,https://huggingface.co/buckets/llvm-opt-benchmark/llvm-opt-benchmark/resolve/box3d_ubsan/original/weld_joint.bc?download=true
0,2,2,https://huggingface.co/buckets/llvm-opt-benchmark/llvm-opt-benchmark/resolve/ffmpeg/original/ctu.bc?download=true
0,2,2,https://huggingface.co/buckets/llvm-opt-benchmark/llvm-opt-benchmark/resolve/sdl/original/SDL_render.bc?download=true
0,2,2,https://huggingface.co/buckets/llvm-opt-benchmark/llvm-opt-benchmark/resolve/redis/original/rdb.bc?download=true
0,2,2,https://huggingface.co/buckets/llvm-opt-benchmark/llvm-opt-benchmark/resolve/opencv/original/canny.bc?download=true
0,2,2,https://huggingface.co/buckets/llvm-opt-benchmark/llvm-opt-benchmark/resolve/gromacs/original/surfacearea.bc?download=true
0,2,2,https://huggingface.co/buckets/llvm-opt-benchmark/llvm-opt-benchmark/resolve/box3d/original/wheel_joint.bc?download=true
0,2,2,https://huggingface.co/buckets/llvm-opt-benchmark/llvm-opt-benchmark/resolve/tev/original/mc_tmpl.bc?download=true
0,2,2,https://huggingface.co/buckets/llvm-opt-benchmark/llvm-opt-benchmark/resolve/bullet3/original/btMultiBodySphericalJointLimit.bc?download=true
0,2,2,https://huggingface.co/buckets/llvm-opt-benchmark/llvm-opt-benchmark/resolve/ffmpeg/original/proresenc_kostya.bc?download=true
0,2,2,https://huggingface.co/buckets/llvm-opt-benchmark/llvm-opt-benchmark/resolve/box3d/original/weld_joint.bc?download=true
0,2,2,https://huggingface.co/buckets/llvm-opt-benchmark/llvm-opt-benchmark/resolve/darktable/original/postprocessing_aux.bc?download=true
0,2,2,https://huggingface.co/buckets/llvm-opt-benchmark/llvm-opt-benchmark/resolve/tev/original/postprocessing_aux.bc?download=true
0,2,2,https://huggingface.co/buckets/llvm-opt-benchmark/llvm-opt-benchmark/resolve/libigl/original/cylinder.bc?download=true
0,3,3,https://huggingface.co/buckets/llvm-opt-benchmark/llvm-opt-benchmark/resolve/opencv/original/perf_rolling_guidance_filter.bc?download=true
0,3,3,https://huggingface.co/buckets/llvm-opt-benchmark/llvm-opt-benchmark/resolve/opencv/original/perf_fgs_filter.bc?download=true
0,3,3,https://huggingface.co/buckets/llvm-opt-benchmark/llvm-opt-benchmark/resolve/gromacs/original/calc_verletbuf.bc?download=true
0,3,3,https://huggingface.co/buckets/llvm-opt-benchmark/llvm-opt-benchmark/resolve/box3d/original/physics_world.bc?download=true
0,3,3,https://huggingface.co/buckets/llvm-opt-benchmark/llvm-opt-benchmark/resolve/llvm-test-suite/original/mbuffer.bc?download=true
0,3,3,https://huggingface.co/buckets/llvm-opt-benchmark/llvm-opt-benchmark/resolve/opencv/original/fourier_descriptors_demo.bc?download=true
0,3,3,https://huggingface.co/buckets/llvm-opt-benchmark/llvm-opt-benchmark/resolve/faiss/original/test_pqfs_unaligned.bc?download=true
0,3,3,https://huggingface.co/buckets/llvm-opt-benchmark/llvm-opt-benchmark/resolve/ffmpeg/original/vc2enc.bc?download=true
0,3,3,https://huggingface.co/buckets/llvm-opt-benchmark/llvm-opt-benchmark/resolve/boost/original/threadsafe_queue.bc?download=true
0,3,3,https://huggingface.co/buckets/llvm-opt-benchmark/llvm-opt-benchmark/resolve/proj/original/tmerc.bc?download=true
0,3,3,https://huggingface.co/buckets/llvm-opt-benchmark/llvm-opt-benchmark/resolve/pbrt-v4/original/pstd.bc?download=true
0,3,3,https://huggingface.co/buckets/llvm-opt-benchmark/llvm-opt-benchmark/resolve/node/original/mem.bc?download=true
0,3,3,https://huggingface.co/buckets/llvm-opt-benchmark/llvm-opt-benchmark/resolve/gromacs/original/TestMMMalloc.bc?download=true
0,4,4,https://huggingface.co/buckets/llvm-opt-benchmark/llvm-opt-benchmark/resolve/box3d_ubsan/original/physics_world.bc?download=true
0,4,4,https://huggingface.co/buckets/llvm-opt-benchmark/llvm-opt-benchmark/resolve/opencv/original/edge_drawing.bc?download=true
0,4,4,https://huggingface.co/buckets/llvm-opt-benchmark/llvm-opt-benchmark/resolve/opencv/original/stereosgbm.bc?download=true
0,4,4,https://huggingface.co/buckets/llvm-opt-benchmark/llvm-opt-benchmark/resolve/opencv/original/quasi_dense_stereo.bc?download=true
0,4,4,https://huggingface.co/buckets/llvm-opt-benchmark/llvm-opt-benchmark/resolve/opencv/original/mathfuncs.bc?download=true
0,4,4,https://huggingface.co/buckets/llvm-opt-benchmark/llvm-opt-benchmark/resolve/opencv/original/triangulate.bc?download=true
0,4,4,https://huggingface.co/buckets/llvm-opt-benchmark/llvm-opt-benchmark/resolve/ffmpeg/original/vf_dctdnoiz.bc?download=true
0,4,4,https://huggingface.co/buckets/llvm-opt-benchmark/llvm-opt-benchmark/resolve/darktable/original/introspection_defringe.bc?download=true
0,4,4,https://huggingface.co/buckets/llvm-opt-benchmark/llvm-opt-benchmark/resolve/ffmpeg/original/colorspace.bc?download=true
0,4,4,https://huggingface.co/buckets/llvm-opt-benchmark/llvm-opt-benchmark/resolve/openssl/original/mem.bc?download=true
0,4,4,https://huggingface.co/buckets/llvm-opt-benchmark/llvm-opt-benchmark/resolve/node/original/i_skey.bc?download=true
0,4,4,https://huggingface.co/buckets/llvm-opt-benchmark/llvm-opt-benchmark/resolve/openssl/original/i_skey.bc?download=true
0,5,5,https://huggingface.co/buckets/llvm-opt-benchmark/llvm-opt-benchmark/resolve/box3d_ubsan/original/sensor.bc?download=true
0,5,5,https://huggingface.co/buckets/llvm-opt-benchmark/llvm-opt-benchmark/resolve/bullet3/original/b3Solver.bc?download=true
0,5,5,https://huggingface.co/buckets/llvm-opt-benchmark/llvm-opt-benchmark/resolve/faiss/original/test_partitioning.bc?download=true
0,5,5,https://huggingface.co/buckets/llvm-opt-benchmark/llvm-opt-benchmark/resolve/box3d/original/sensor.bc?download=true
0,5,5,https://huggingface.co/buckets/llvm-opt-benchmark/llvm-opt-benchmark/resolve/gromacs/original/alignedallocator.bc?download=true
0,5,5,https://huggingface.co/buckets/llvm-opt-benchmark/llvm-opt-benchmark/resolve/tev/original/ref.bc?download=true
0,5,5,https://huggingface.co/buckets/llvm-opt-benchmark/llvm-opt-benchmark/resolve/openmpi/original/mpool_base_default.bc?download=true
0,6,6,https://huggingface.co/buckets/llvm-opt-benchmark/llvm-opt-benchmark/resolve/ncnn/original/ncnn2table.bc?download=true
0,6,6,https://huggingface.co/buckets/llvm-opt-benchmark/llvm-opt-benchmark/resolve/opencv/original/facemarkLBF.bc?download=true
0,6,6,https://huggingface.co/buckets/llvm-opt-benchmark/llvm-opt-benchmark/resolve/gromacs/original/freevolume.bc?download=true
0,6,6,https://huggingface.co/buckets/llvm-opt-benchmark/llvm-opt-benchmark/resolve/gromacs/original/pairs.bc?download=true
0,6,6,https://huggingface.co/buckets/llvm-opt-benchmark/llvm-opt-benchmark/resolve/bullet3/original/b3GpuJacobiContactSolver.bc?download=true
0,6,6,https://huggingface.co/buckets/llvm-opt-benchmark/llvm-opt-benchmark/resolve/libsodium/original/ed25519_ref10.bc?download=true
0,6,6,https://huggingface.co/buckets/llvm-opt-benchmark/llvm-opt-benchmark/resolve/proj/original/geodsigntest.bc?download=true
0,6,6,https://huggingface.co/buckets/llvm-opt-benchmark/llvm-opt-benchmark/resolve/bullet3/original/btRaycastVehicle.bc?download=true
0,6,6,https://huggingface.co/buckets/llvm-opt-benchmark/llvm-opt-benchmark/resolve/luanti/original/mapgen_fractal.bc?download=true
0,6,6,https://huggingface.co/buckets/llvm-opt-benchmark/llvm-opt-benchmark/resolve/proj/original/geodesic.bc?download=true
0,6,6,https://huggingface.co/buckets/llvm-opt-benchmark/llvm-opt-benchmark/resolve/darktable/original/introspection_grain.bc?download=true
0,6,6,https://huggingface.co/buckets/llvm-opt-benchmark/llvm-opt-benchmark/resolve/openmpi/original/bind.bc?download=true
0,6,6,https://huggingface.co/buckets/llvm-opt-benchmark/llvm-opt-benchmark/resolve/ffmpeg/original/vf_grayworld.bc?download=true
0,6,6,https://huggingface.co/buckets/llvm-opt-benchmark/llvm-opt-benchmark/resolve/ffmpeg/original/hdrenc.bc?download=true
0,6,6,https://huggingface.co/buckets/llvm-opt-benchmark/llvm-opt-benchmark/resolve/openblas/original/dtfttp.bc?download=true
0,6,6,https://huggingface.co/buckets/llvm-opt-benchmark/llvm-opt-benchmark/resolve/openblas/original/dtpttf.bc?download=true
0,7,7,https://huggingface.co/buckets/llvm-opt-benchmark/llvm-opt-benchmark/resolve/opencv/original/five-point.bc?download=true
0,7,7,https://huggingface.co/buckets/llvm-opt-benchmark/llvm-opt-benchmark/resolve/box3d_ubsan/original/joint.bc?download=true
0,7,7,https://huggingface.co/buckets/llvm-opt-benchmark/llvm-opt-benchmark/resolve/box3d_ubsan/original/wheel_joint.bc?download=true
0,7,7,https://huggingface.co/buckets/llvm-opt-benchmark/llvm-opt-benchmark/resolve/assimp/original/LWOMaterial.bc?download=true
0,7,7,https://huggingface.co/buckets/llvm-opt-benchmark/llvm-opt-benchmark/resolve/recastnavigation/original/Tool_Crowd.bc?download=true
0,7,7,https://huggingface.co/buckets/llvm-opt-benchmark/llvm-opt-benchmark/resolve/ffmpeg/original/dca_lbr.bc?download=true
0,7,7,https://huggingface.co/buckets/llvm-opt-benchmark/llvm-opt-benchmark/resolve/node/original/mutable-page-metadata.bc?download=true
0,7,7,https://huggingface.co/buckets/llvm-opt-benchmark/llvm-opt-benchmark/resolve/opencv/original/twist.bc?download=true
0,7,7,https://huggingface.co/buckets/llvm-opt-benchmark/llvm-opt-benchmark/resolve/pbrt-v4/original/PtexFilters.bc?download=true
0,7,7,https://huggingface.co/buckets/llvm-opt-benchmark/llvm-opt-benchmark/resolve/tev/original/mem.bc?download=true
0,8,8,https://huggingface.co/buckets/llvm-opt-benchmark/llvm-opt-benchmark/resolve/oiio/original/psdinput.bc?download=true
0,8,8,https://huggingface.co/buckets/llvm-opt-benchmark/llvm-opt-benchmark/resolve/ffmpeg/original/h264qpel.bc?download=true
0,8,8,https://huggingface.co/buckets/llvm-opt-benchmark/llvm-opt-benchmark/resolve/ffmpeg/original/vp8dsp.bc?download=true
0,8,8,https://huggingface.co/buckets/llvm-opt-benchmark/llvm-opt-benchmark/resolve/darktable/original/introspection_lowlight.bc?download=true
0,8,8,https://huggingface.co/buckets/llvm-opt-benchmark/llvm-opt-benchmark/resolve/zfp/original/encode2f.bc?download=true
0,8,8,https://huggingface.co/buckets/llvm-opt-benchmark/llvm-opt-benchmark/resolve/tev/original/jidctflt-12.bc?download=true
0,8,8,https://huggingface.co/buckets/llvm-opt-benchmark/llvm-opt-benchmark/resolve/libjpeg-turbo/original/jidctflt-12.bc?download=true
0,8,8,https://huggingface.co/buckets/llvm-opt-benchmark/llvm-opt-benchmark/resolve/tev/original/jidctflt-8.bc?download=true
0,8,8,https://huggingface.co/buckets/llvm-opt-benchmark/llvm-opt-benchmark/resolve/libjpeg-turbo/original/jidctflt-8.bc?download=true
0,8,8,https://huggingface.co/buckets/llvm-opt-benchmark/llvm-opt-benchmark/resolve/oiio/original/jidctflt-12.bc?download=true
0,8,8,https://huggingface.co/buckets/llvm-opt-benchmark/llvm-opt-benchmark/resolve/oiio/original/jidctflt-8.bc?download=true
0,9,9,https://huggingface.co/buckets/llvm-opt-benchmark/llvm-opt-benchmark/resolve/libigl/original/frame_field_deformer.bc?download=true
0,9,9,https://huggingface.co/buckets/llvm-opt-benchmark/llvm-opt-benchmark/resolve/gromacs/original/redistribute.bc?download=true
0,9,9,https://huggingface.co/buckets/llvm-opt-benchmark/llvm-opt-benchmark/resolve/bullet3/original/btConvexConvexAlgorithm.bc?download=true
0,9,9,https://huggingface.co/buckets/llvm-opt-benchmark/llvm-opt-benchmark/resolve/bullet3/original/btInternalEdgeUtility.bc?download=true
0,9,9,https://huggingface.co/buckets/llvm-opt-benchmark/llvm-opt-benchmark/resolve/harfbuzz/original/hb-raster-image.bc?download=true
0,9,9,https://huggingface.co/buckets/llvm-opt-benchmark/llvm-opt-benchmark/resolve/ffmpeg/original/af_asupercut.bc?download=true
0,9,9,https://huggingface.co/buckets/llvm-opt-benchmark/llvm-opt-benchmark/resolve/llvm-test-suite/original/Oscar.bc?download=true
0,10,10,https://huggingface.co/buckets/llvm-opt-benchmark/llvm-opt-benchmark/resolve/g2o/original/edge_se3_offset.bc?download=true
0,10,10,https://huggingface.co/buckets/llvm-opt-benchmark/llvm-opt-benchmark/resolve/opencv/original/hash_tsdf_functions.bc?download=true
0,10,10,https://huggingface.co/buckets/llvm-opt-benchmark/llvm-opt-benchmark/resolve/box3d/original/hull.bc?download=true
0,10,10,https://huggingface.co/buckets/llvm-opt-benchmark/llvm-opt-benchmark/resolve/node/original/ecp_curves.bc?download=true
0,10,10,https://huggingface.co/buckets/llvm-opt-benchmark/llvm-opt-benchmark/resolve/lief/original/ecp_curves.bc?download=true
0,10,10,https://huggingface.co/buckets/llvm-opt-benchmark/llvm-opt-benchmark/resolve/wireshark/original/overlay_scroll_bar.bc?download=true
0,10,10,https://huggingface.co/buckets/llvm-opt-benchmark/llvm-opt-benchmark/resolve/darktable/original/imageio_tiff.bc?download=true
0,10,10,https://huggingface.co/buckets/llvm-opt-benchmark/llvm-opt-benchmark/resolve/ncnn/original/psroipooling.bc?download=true
0,10,10,https://huggingface.co/buckets/llvm-opt-benchmark/llvm-opt-benchmark/resolve/llvm-test-suite/original/laplace.bc?download=true
0,11,11,https://huggingface.co/buckets/llvm-opt-benchmark/llvm-opt-benchmark/resolve/libigl/original/imgui_draw.bc?download=true
0,11,11,https://huggingface.co/buckets/llvm-opt-benchmark/llvm-opt-benchmark/resolve/luanti/original/clouds.bc?download=true
0,12,12,https://huggingface.co/buckets/llvm-opt-benchmark/llvm-opt-benchmark/resolve/folly/original/CacheLocality.bc?download=true
0,12,12,https://huggingface.co/buckets/llvm-opt-benchmark/llvm-opt-benchmark/resolve/velox/original/CacheLocality.bc?download=true
0,12,12,https://huggingface.co/buckets/llvm-opt-benchmark/llvm-opt-benchmark/resolve/opencv/original/bitarray.bc?download=true
0,12,12,https://huggingface.co/buckets/llvm-opt-benchmark/llvm-opt-benchmark/resolve/openblas/original/dsyswapr.bc?download=true
0,13,13,https://huggingface.co/buckets/llvm-opt-benchmark/llvm-opt-benchmark/resolve/tev/original/box.bc?download=true
0,13,13,https://huggingface.co/buckets/llvm-opt-benchmark/llvm-opt-benchmark/resolve/imgui/original/imgui_draw.bc?download=true
0,13,13,https://huggingface.co/buckets/llvm-opt-benchmark/llvm-opt-benchmark/resolve/recastnavigation/original/imgui_draw.bc?download=true
0,13,13,https://huggingface.co/buckets/llvm-opt-benchmark/llvm-opt-benchmark/resolve/bullet3/original/btDeformableMultiBodyDynamicsWorld.bc?download=true
0,13,13,https://huggingface.co/buckets/llvm-opt-benchmark/llvm-opt-benchmark/resolve/bullet3/original/btCollisionWorld.bc?download=true
0,13,13,https://huggingface.co/buckets/llvm-opt-benchmark/llvm-opt-benchmark/resolve/llvm-test-suite/original/btDiscreteDynamicsWorld.bc?download=true
0,13,13,https://huggingface.co/buckets/llvm-opt-benchmark/llvm-opt-benchmark/resolve/bullet3/original/btDiscreteDynamicsWorld.bc?download=true
0,13,13,https://huggingface.co/buckets/llvm-opt-benchmark/llvm-opt-benchmark/resolve/bullet3/original/btSequentialImpulseConstraintSolver.bc?download=true
0,13,13,https://huggingface.co/buckets/llvm-opt-benchmark/llvm-opt-benchmark/resolve/bullet3/original/b3PgsJacobiSolver.bc?download=true
0,13,13,https://huggingface.co/buckets/llvm-opt-benchmark/llvm-opt-benchmark/resolve/bullet3/original/b3CpuNarrowPhase.bc?download=true
0,13,13,https://huggingface.co/buckets/llvm-opt-benchmark/llvm-opt-benchmark/resolve/llvm-test-suite/original/btSequentialImpulseConstraintSolver.bc?download=true
0,13,13,https://huggingface.co/buckets/llvm-opt-benchmark/llvm-opt-benchmark/resolve/llvm-test-suite/original/btCollisionWorld.bc?download=true
0,13,13,https://huggingface.co/buckets/llvm-opt-benchmark/llvm-opt-benchmark/resolve/llvm-test-suite/original/btRigidBody.bc?download=true
0,13,13,https://huggingface.co/buckets/llvm-opt-benchmark/llvm-opt-benchmark/resolve/bullet3/original/btContinuousConvexCollision.bc?download=true
0,13,13,https://huggingface.co/buckets/llvm-opt-benchmark/llvm-opt-benchmark/resolve/bullet3/original/btGhostObject.bc?download=true
0,13,13,https://huggingface.co/buckets/llvm-opt-benchmark/llvm-opt-benchmark/resolve/llvm-test-suite/original/btContinuousConvexCollision.bc?download=true
0,13,13,https://huggingface.co/buckets/llvm-opt-benchmark/llvm-opt-benchmark/resolve/llvm-test-suite/original/btGhostObject.bc?download=true
0,13,13,https://huggingface.co/buckets/llvm-opt-benchmark/llvm-opt-benchmark/resolve/bullet3/original/btMultiBodyJointLimitConstraint.bc?download=true
0,13,13,https://huggingface.co/buckets/llvm-opt-benchmark/llvm-opt-benchmark/resolve/bullet3/original/btMultiBodyGearConstraint.bc?download=true
0,13,13,https://huggingface.co/buckets/llvm-opt-benchmark/llvm-opt-benchmark/resolve/bullet3/original/btMultiBodyJointMotor.bc?download=true
0,13,13,https://huggingface.co/buckets/llvm-opt-benchmark/llvm-opt-benchmark/resolve/bullet3/original/b3FixedConstraint.bc?download=true
0,13,13,https://huggingface.co/buckets/llvm-opt-benchmark/llvm-opt-benchmark/resolve/tev/original/opj_malloc.bc?download=true
0,13,13,https://huggingface.co/buckets/llvm-opt-benchmark/llvm-opt-benchmark/resolve/oiio/original/opj_malloc.bc?download=true
0,14,14,https://huggingface.co/buckets/llvm-opt-benchmark/llvm-opt-benchmark/resolve/box3d_ubsan/original/compound.bc?download=true
0,14,14,https://huggingface.co/buckets/llvm-opt-benchmark/llvm-opt-benchmark/resolve/opencv/original/ptsetreg.bc?download=true
0,14,14,https://huggingface.co/buckets/llvm-opt-benchmark/llvm-opt-benchmark/resolve/box3d/original/joint.bc?download=true
0,14,14,https://huggingface.co/buckets/llvm-opt-benchmark/llvm-opt-benchmark/resolve/llvm-test-suite/original/btConvexConvexAlgorithm.bc?download=true
0,15,15,https://huggingface.co/buckets/llvm-opt-benchmark/llvm-opt-benchmark/resolve/bullet3/original/btConeTwistConstraint.bc?download=true
0,15,15,https://huggingface.co/buckets/llvm-opt-benchmark/llvm-opt-benchmark/resolve/llvm-test-suite/original/btConeTwistConstraint.bc?download=true
0,15,15,https://huggingface.co/buckets/llvm-opt-benchmark/llvm-opt-benchmark/resolve/box3d/original/mesh_contact.bc?download=true
0,15,15,https://huggingface.co/buckets/llvm-opt-benchmark/llvm-opt-benchmark/resolve/pocketpy/original/colorcvt.bc?download=true
0,16,16,https://huggingface.co/buckets/llvm-opt-benchmark/llvm-opt-benchmark/resolve/bullet3/original/btSoftBody.bc?download=true
0,16,16,https://huggingface.co/buckets/llvm-opt-benchmark/llvm-opt-benchmark/resolve/ruby/original/gc.bc?download=true
0,16,16,https://huggingface.co/buckets/llvm-opt-benchmark/llvm-opt-benchmark/resolve/opencv/original/brisk.bc?download=true
0,16,16,https://huggingface.co/buckets/llvm-opt-benchmark/llvm-opt-benchmark/resolve/darktable/original/decoders_libraw.bc?download=true
0,16,16,https://huggingface.co/buckets/llvm-opt-benchmark/llvm-opt-benchmark/resolve/darktable/original/blendif_lab.bc?download=true
0,16,16,https://huggingface.co/buckets/llvm-opt-benchmark/llvm-opt-benchmark/resolve/llvm-test-suite/original/distray.bc?download=true
0,17,17,https://huggingface.co/buckets/llvm-opt-benchmark/llvm-opt-benchmark/resolve/box3d_ubsan/original/mesh_contact.bc?download=true
0,17,17,https://huggingface.co/buckets/llvm-opt-benchmark/llvm-opt-benchmark/resolve/bullet3/original/btKinematicCharacterController.bc?download=true
0,17,17,https://huggingface.co/buckets/llvm-opt-benchmark/llvm-opt-benchmark/resolve/box3d/original/prismatic_joint.bc?download=true
0,17,17,https://huggingface.co/buckets/llvm-opt-benchmark/llvm-opt-benchmark/resolve/box3d_ubsan/original/sphere.bc?download=true
0,17,17,https://huggingface.co/buckets/llvm-opt-benchmark/llvm-opt-benchmark/resolve/ffmpeg/original/lfg.bc?download=true
0,18,18,https://huggingface.co/buckets/llvm-opt-benchmark/llvm-opt-benchmark/resolve/opencv/original/filter.dispatch.bc?download=true
0,18,18,https://huggingface.co/buckets/llvm-opt-benchmark/llvm-opt-benchmark/resolve/ffmpeg/original/f_ebur128.bc?download=true
0,18,18,https://huggingface.co/buckets/llvm-opt-benchmark/llvm-opt-benchmark/resolve/fftw3/original/hc2cfdft2_32.bc?download=true
0,18,18,https://huggingface.co/buckets/llvm-opt-benchmark/llvm-opt-benchmark/resolve/box3d/original/sphere.bc?download=true
0,18,18,https://huggingface.co/buckets/llvm-opt-benchmark/llvm-opt-benchmark/resolve/ffmpeg/original/dither.bc?download=true
0,19,19,https://huggingface.co/buckets/llvm-opt-benchmark/llvm-opt-benchmark/resolve/luanti/original/game.bc?download=true
0,19,19,https://huggingface.co/buckets/llvm-opt-benchmark/llvm-opt-benchmark/resolve/assimp/original/ColladaParser.bc?download=true
0,19,19,https://huggingface.co/buckets/llvm-opt-benchmark/llvm-opt-benchmark/resolve/llvm-test-suite/original/BenchmarkDemo.bc?download=true
0,19,19,https://huggingface.co/buckets/llvm-opt-benchmark/llvm-opt-benchmark/resolve/opencv/original/fundamental_solver.bc?download=true
0,19,19,https://huggingface.co/buckets/llvm-opt-benchmark/llvm-opt-benchmark/resolve/opencv/original/ts_arrtest.bc?download=true
0,19,19,https://huggingface.co/buckets/llvm-opt-benchmark/llvm-opt-benchmark/resolve/tev/original/refmvs.bc?download=true
0,20,20,https://huggingface.co/buckets/llvm-opt-benchmark/llvm-opt-benchmark/resolve/luanti/original/guiFormSpecMenu.bc?download=true
0,20,20,https://huggingface.co/buckets/llvm-opt-benchmark/llvm-opt-benchmark/resolve/bullet3/original/btContactConstraint.bc?download=true
0,20,20,https://huggingface.co/buckets/llvm-opt-benchmark/llvm-opt-benchmark/resolve/zfp/original/decode2f.bc?download=true
0,20,20,https://huggingface.co/buckets/llvm-opt-benchmark/llvm-opt-benchmark/resolve/tev/original/samsung.bc?download=true
0,20,20,https://huggingface.co/buckets/llvm-opt-benchmark/llvm-opt-benchmark/resolve/ffmpeg/original/dct32_float.bc?download=true
0,21,21,https://huggingface.co/buckets/llvm-opt-benchmark/llvm-opt-benchmark/resolve/pbrt-v4/original/sampling_test.bc?download=true
0,21,21,https://huggingface.co/buckets/llvm-opt-benchmark/llvm-opt-benchmark/resolve/box3d_ubsan/original/contact.bc?download=true
0,21,21,https://huggingface.co/buckets/llvm-opt-benchmark/llvm-opt-benchmark/resolve/ocio/original/FileFormatICC.bc?download=true
0,21,21,https://huggingface.co/buckets/llvm-opt-benchmark/llvm-opt-benchmark/resolve/oiio/original/FileFormatICC.bc?download=true
0,21,21,https://huggingface.co/buckets/llvm-opt-benchmark/llvm-opt-benchmark/resolve/fftw3/original/hc2cf2_20.bc?download=true
0,21,21,https://huggingface.co/buckets/llvm-opt-benchmark/llvm-opt-benchmark/resolve/fftw3/original/hf2_20.bc?download=true
0,21,21,https://huggingface.co/buckets/llvm-opt-benchmark/llvm-opt-benchmark/resolve/fftw3/original/t2_20.bc?download=true
0,22,22,https://huggingface.co/buckets/llvm-opt-benchmark/llvm-opt-benchmark/resolve/tev/original/Image.bc?download=true
0,22,22,https://huggingface.co/buckets/llvm-opt-benchmark/llvm-opt-benchmark/resolve/tev/original/TiffImageLoader.bc?download=true
0,22,22,https://huggingface.co/buckets/llvm-opt-benchmark/llvm-opt-benchmark/resolve/libigl/original/solid_angle.bc?download=true
0,22,22,https://huggingface.co/buckets/llvm-opt-benchmark/llvm-opt-benchmark/resolve/box3d_ubsan/original/capsule.bc?download=true
0,22,22,https://huggingface.co/buckets/llvm-opt-benchmark/llvm-opt-benchmark/resolve/box3d/original/capsule.bc?download=true
0,23,23,https://huggingface.co/buckets/llvm-opt-benchmark/llvm-opt-benchmark/resolve/meshoptimizer/original/simplifier.bc?download=true
0,23,23,https://huggingface.co/buckets/llvm-opt-benchmark/llvm-opt-benchmark/resolve/box3d/original/contact.bc?download=true
0,23,23,https://huggingface.co/buckets/llvm-opt-benchmark/llvm-opt-benchmark/resolve/freetype/original/ftbitmap.bc?download=true
0,23,23,https://huggingface.co/buckets/llvm-opt-benchmark/llvm-opt-benchmark/resolve/oiio/original/ftbitmap.bc?download=true
0,24,24,https://huggingface.co/buckets/llvm-opt-benchmark/llvm-opt-benchmark/resolve/opencv/original/grfmt_exr.bc?download=true
0,24,24,https://huggingface.co/buckets/llvm-opt-benchmark/llvm-opt-benchmark/resolve/ffmpeg/original/aom_film_grain.bc?download=true
0,24,24,https://huggingface.co/buckets/llvm-opt-benchmark/llvm-opt-benchmark/resolve/box3d/original/compound.bc?download=true
0,24,24,https://huggingface.co/buckets/llvm-opt-benchmark/llvm-opt-benchmark/resolve/box3d/original/distance_joint.bc?download=true
0,24,24,https://huggingface.co/buckets/llvm-opt-benchmark/llvm-opt-benchmark/resolve/graphviz/original/neatosplines.bc?download=true
0,25,25,https://huggingface.co/buckets/llvm-opt-benchmark/llvm-opt-benchmark/resolve/libigl/original/barycentric_coordinates.bc?download=true
0,25,25,https://huggingface.co/buckets/llvm-opt-benchmark/llvm-opt-benchmark/resolve/box3d_ubsan/original/distance.bc?download=true
0,26,26,https://huggingface.co/buckets/llvm-opt-benchmark/llvm-opt-benchmark/resolve/libigl/original/tetgen.bc?download=true
0,26,26,https://huggingface.co/buckets/llvm-opt-benchmark/llvm-opt-benchmark/resolve/box3d_ubsan/original/distance_joint.bc?download=true
0,26,26,https://huggingface.co/buckets/llvm-opt-benchmark/llvm-opt-benchmark/resolve/velox/original/HCoordinate.bc?download=true
0,27,27,https://huggingface.co/buckets/llvm-opt-benchmark/llvm-opt-benchmark/resolve/oiio/original/imagebufalgo_xform.bc?download=true
0,27,27,https://huggingface.co/buckets/llvm-opt-benchmark/llvm-opt-benchmark/resolve/box3d_ubsan/original/revolute_joint.bc?download=true
0,28,28,https://huggingface.co/buckets/llvm-opt-benchmark/llvm-opt-benchmark/resolve/box3d_ubsan/original/prismatic_joint.bc?download=true
0,28,28,https://huggingface.co/buckets/llvm-opt-benchmark/llvm-opt-benchmark/resolve/box3d/original/body.bc?download=true
0,28,28,https://huggingface.co/buckets/llvm-opt-benchmark/llvm-opt-benchmark/resolve/opencv/original/image_alignment.bc?download=true
0,28,28,https://huggingface.co/buckets/llvm-opt-benchmark/llvm-opt-benchmark/resolve/box3d/original/revolute_joint.bc?download=true
0,30,30,https://huggingface.co/buckets/llvm-opt-benchmark/llvm-opt-benchmark/resolve/box3d_ubsan/original/hull.bc?download=true
0,30,30,https://huggingface.co/buckets/llvm-opt-benchmark/llvm-opt-benchmark/resolve/pbrt-v4/original/subsurface.bc?download=true
0,30,30,https://huggingface.co/buckets/llvm-opt-benchmark/llvm-opt-benchmark/resolve/libigl/original/grid.bc?download=true
0,32,32,https://huggingface.co/buckets/llvm-opt-benchmark/llvm-opt-benchmark/resolve/libigl/original/curve_intersector_virtual_4v.bc?download=true
0,32,32,https://huggingface.co/buckets/llvm-opt-benchmark/llvm-opt-benchmark/resolve/libigl/original/curve_intersector_virtual_4i.bc?download=true
0,32,32,https://huggingface.co/buckets/llvm-opt-benchmark/llvm-opt-benchmark/resolve/libigl/original/curve_intersector_virtual_4i_mb.bc?download=true
0,33,33,https://huggingface.co/buckets/llvm-opt-benchmark/llvm-opt-benchmark/resolve/nuklear/original/unity.bc?download=true
0,33,33,https://huggingface.co/buckets/llvm-opt-benchmark/llvm-opt-benchmark/resolve/opencv/original/perf_affine2d.bc?download=true
0,33,33,https://huggingface.co/buckets/llvm-opt-benchmark/llvm-opt-benchmark/resolve/gromacs/original/gmx_sorient.bc?download=true
0,33,33,https://huggingface.co/buckets/llvm-opt-benchmark/llvm-opt-benchmark/resolve/luanti/original/raycast.bc?download=true
0,33,33,https://huggingface.co/buckets/llvm-opt-benchmark/llvm-opt-benchmark/resolve/zfp/original/decode2d.bc?download=true
0,33,33,https://huggingface.co/buckets/llvm-opt-benchmark/llvm-opt-benchmark/resolve/llvm-test-suite/original/gsm_decode.bc?download=true
0,34,34,https://huggingface.co/buckets/llvm-opt-benchmark/llvm-opt-benchmark/resolve/freetype/original/sfnt.bc?download=true
0,34,34,https://huggingface.co/buckets/llvm-opt-benchmark/llvm-opt-benchmark/resolve/oiio/original/sfnt.bc?download=true
0,34,34,https://huggingface.co/buckets/llvm-opt-benchmark/llvm-opt-benchmark/resolve/darktable/original/samsung.bc?download=true
0,35,35,https://huggingface.co/buckets/llvm-opt-benchmark/llvm-opt-benchmark/resolve/box3d_ubsan/original/body.bc?download=true
0,35,35,https://huggingface.co/buckets/llvm-opt-benchmark/llvm-opt-benchmark/resolve/box3d_ubsan/original/convex_manifold.bc?download=true
0,35,35,https://huggingface.co/buckets/llvm-opt-benchmark/llvm-opt-benchmark/resolve/opencv/original/tldTracker.bc?download=true
0,35,35,https://huggingface.co/buckets/llvm-opt-benchmark/llvm-opt-benchmark/resolve/opencv/original/tldModel.bc?download=true
0,36,36,https://huggingface.co/buckets/llvm-opt-benchmark/llvm-opt-benchmark/resolve/opencv/original/normal.bc?download=true
0,36,36,https://huggingface.co/buckets/llvm-opt-benchmark/llvm-opt-benchmark/resolve/gromacs/original/pull_rotation.bc?download=true
0,37,37,https://huggingface.co/buckets/llvm-opt-benchmark/llvm-opt-benchmark/resolve/luanti/original/mapgen.bc?download=true
0,37,37,https://huggingface.co/buckets/llvm-opt-benchmark/llvm-opt-benchmark/resolve/darktable/original/lightroom.bc?download=true
0,38,38,https://huggingface.co/buckets/llvm-opt-benchmark/llvm-opt-benchmark/resolve/libigl/original/triangle.bc?download=true
0,39,39,https://huggingface.co/buckets/llvm-opt-benchmark/llvm-opt-benchmark/resolve/pbrt-v4/original/surfscatter.bc?download=true
0,39,39,https://huggingface.co/buckets/llvm-opt-benchmark/llvm-opt-benchmark/resolve/pbrt-v4/original/shapes.bc?download=true
0,39,39,https://huggingface.co/buckets/llvm-opt-benchmark/llvm-opt-benchmark/resolve/pbrt-v4/original/interaction.bc?download=true
0,39,39,https://huggingface.co/buckets/llvm-opt-benchmark/llvm-opt-benchmark/resolve/box3d/original/parallel_joint.bc?download=true
0,40,40,https://huggingface.co/buckets/llvm-opt-benchmark/llvm-opt-benchmark/resolve/pbrt-v4/original/vecmath_test.bc?download=true
0,40,40,https://huggingface.co/buckets/llvm-opt-benchmark/llvm-opt-benchmark/resolve/box3d_ubsan/original/parallel_joint.bc?download=true
0,40,40,https://huggingface.co/buckets/llvm-opt-benchmark/llvm-opt-benchmark/resolve/box3d/original/spherical_joint.bc?download=true
0,40,40,https://huggingface.co/buckets/llvm-opt-benchmark/llvm-opt-benchmark/resolve/darktable/original/introspection_splittoning.bc?download=true
0,42,42,https://huggingface.co/buckets/llvm-opt-benchmark/llvm-opt-benchmark/resolve/pbrt-v4/original/lights.bc?download=true
0,42,42,https://huggingface.co/buckets/llvm-opt-benchmark/llvm-opt-benchmark/resolve/oiio/original/gainmapmetadata.bc?download=true
0,44,44,https://huggingface.co/buckets/llvm-opt-benchmark/llvm-opt-benchmark/resolve/bullet3/original/b3ConvexHullContact.bc?download=true
0,45,45,https://huggingface.co/buckets/llvm-opt-benchmark/llvm-opt-benchmark/resolve/fftw3/original/r2cf_25.bc?download=true
0,46,46,https://huggingface.co/buckets/llvm-opt-benchmark/llvm-opt-benchmark/resolve/rustworkx-rs/original/rustworkx.rustworkx.eb4f31e2585f1285-cgu.0.bc?download=true
0,47,47,https://huggingface.co/buckets/llvm-opt-benchmark/llvm-opt-benchmark/resolve/gromacs/original/colvarcomp_rotations.bc?download=true
0,49,49,https://huggingface.co/buckets/llvm-opt-benchmark/llvm-opt-benchmark/resolve/box3d/original/convex_manifold.bc?download=true
0,50,50,https://huggingface.co/buckets/llvm-opt-benchmark/llvm-opt-benchmark/resolve/g2o/original/types_seven_dof_expmap.bc?download=true
0,51,51,https://huggingface.co/buckets/llvm-opt-benchmark/llvm-opt-benchmark/resolve/zfp/original/encode2i.bc?download=true
0,56,56,https://huggingface.co/buckets/llvm-opt-benchmark/llvm-opt-benchmark/resolve/opencv/original/fourier_descriptors.bc?download=true
0,56,56,https://huggingface.co/buckets/llvm-opt-benchmark/llvm-opt-benchmark/resolve/llvm-test-suite/original/btRaycastVehicle.bc?download=true
0,57,57,https://huggingface.co/buckets/llvm-opt-benchmark/llvm-opt-benchmark/resolve/assimp/original/LWOAnimation.bc?download=true
0,58,58,https://huggingface.co/buckets/llvm-opt-benchmark/llvm-opt-benchmark/resolve/openvdb/original/LevelSetFracture.bc?download=true
0,58,58,https://huggingface.co/buckets/llvm-opt-benchmark/llvm-opt-benchmark/resolve/ocio/original/GradingToneOpCPU.bc?download=true
0,58,58,https://huggingface.co/buckets/llvm-opt-benchmark/llvm-opt-benchmark/resolve/oiio/original/GradingToneOpCPU.bc?download=true
0,61,61,https://huggingface.co/buckets/llvm-opt-benchmark/llvm-opt-benchmark/resolve/box3d_ubsan/original/spherical_joint.bc?download=true
0,61,61,https://huggingface.co/buckets/llvm-opt-benchmark/llvm-opt-benchmark/resolve/llvm-test-suite/original/destructors.bc?download=true
0,62,62,https://huggingface.co/buckets/llvm-opt-benchmark/llvm-opt-benchmark/resolve/opencv/original/undistort.dispatch.bc?download=true
0,64,64,https://huggingface.co/buckets/llvm-opt-benchmark/llvm-opt-benchmark/resolve/darktable/original/Cr2sRawInterpolator.bc?download=true
0,74,74,https://huggingface.co/buckets/llvm-opt-benchmark/llvm-opt-benchmark/resolve/ffmpeg/original/output.bc?download=true
0,78,78,https://huggingface.co/buckets/llvm-opt-benchmark/llvm-opt-benchmark/resolve/opencv/original/sqpnp.bc?download=true
0,80,80,https://huggingface.co/buckets/llvm-opt-benchmark/llvm-opt-benchmark/resolve/darktable/original/introspection_diffuse.bc?download=true
0,81,81,https://huggingface.co/buckets/llvm-opt-benchmark/llvm-opt-benchmark/resolve/ncnn/original/convolution_x86_avx.bc?download=true
0,84,84,https://huggingface.co/buckets/llvm-opt-benchmark/llvm-opt-benchmark/resolve/ffmpeg/original/qpeldsp.bc?download=true
0,87,87,https://huggingface.co/buckets/llvm-opt-benchmark/llvm-opt-benchmark/resolve/gromacs/original/calculator.bc?download=true
0,88,88,https://huggingface.co/buckets/llvm-opt-benchmark/llvm-opt-benchmark/resolve/arrow/original/bpacking_scalar.bc?download=true
0,89,89,https://huggingface.co/buckets/llvm-opt-benchmark/llvm-opt-benchmark/resolve/bullet3/original/btRigidBody.bc?download=true
0,93,93,https://huggingface.co/buckets/llvm-opt-benchmark/llvm-opt-benchmark/resolve/gromacs/original/pme_spread.bc?download=true
0,111,111,https://huggingface.co/buckets/llvm-opt-benchmark/llvm-opt-benchmark/resolve/openvdb/original/openvdb.bc?download=true
0,111,111,https://huggingface.co/buckets/llvm-opt-benchmark/llvm-opt-benchmark/resolve/openvdb/original/PotentialFlow.bc?download=true
0,111,111,https://huggingface.co/buckets/llvm-opt-benchmark/llvm-opt-benchmark/resolve/openvdb/original/Transform.bc?download=true
0,114,114,https://huggingface.co/buckets/llvm-opt-benchmark/llvm-opt-benchmark/resolve/assimp/original/X3DImporter_Group.bc?download=true
0,115,115,https://huggingface.co/buckets/llvm-opt-benchmark/llvm-opt-benchmark/resolve/openblas/original/dbbcsd.bc?download=true
0,120,120,https://huggingface.co/buckets/llvm-opt-benchmark/llvm-opt-benchmark/resolve/mixbox/original/mixbox.bc?download=true
0,125,125,https://huggingface.co/buckets/llvm-opt-benchmark/llvm-opt-benchmark/resolve/ozz-animation/original/gltf2ozz.bc?download=true
0,125,125,https://huggingface.co/buckets/llvm-opt-benchmark/llvm-opt-benchmark/resolve/opencv/original/rlof_localflow.bc?download=true
0,144,144,https://huggingface.co/buckets/llvm-opt-benchmark/llvm-opt-benchmark/resolve/box3d/original/shape.bc?download=true
0,146,146,https://huggingface.co/buckets/llvm-opt-benchmark/llvm-opt-benchmark/resolve/box3d_ubsan/original/shape.bc?download=true
0,168,168,https://huggingface.co/buckets/llvm-opt-benchmark/llvm-opt-benchmark/resolve/pola-rs/original/polars_expr-c150671a77946377.polars_expr.f440eb239ff47e82-cgu.13.bc?download=true
0,195,195,https://huggingface.co/buckets/llvm-opt-benchmark/llvm-opt-benchmark/resolve/faiss/original/IndexFastScan.bc?download=true
0,217,217,https://huggingface.co/buckets/llvm-opt-benchmark/llvm-opt-benchmark/resolve/gromacs/original/vsite.bc?download=true
0,276,276,https://huggingface.co/buckets/llvm-opt-benchmark/llvm-opt-benchmark/resolve/faiss/original/IndexAdditiveQuantizerFastScan.bc?download=true
0,298,298,https://huggingface.co/buckets/llvm-opt-benchmark/llvm-opt-benchmark/resolve/darktable/original/introspection_filmicrgb.bc?download=true
0,367,367,https://huggingface.co/buckets/llvm-opt-benchmark/llvm-opt-benchmark/resolve/faiss/original/IndexIVFPQ.bc?download=true
0,370,370,https://huggingface.co/buckets/llvm-opt-benchmark/llvm-opt-benchmark/resolve/bullet3/original/btMultiBody.bc?download=true
0,381,381,https://huggingface.co/buckets/llvm-opt-benchmark/llvm-opt-benchmark/resolve/ncnn/original/imreadwrite.bc?download=true
0,396,396,https://huggingface.co/buckets/llvm-opt-benchmark/llvm-opt-benchmark/resolve/pola-rs/original/polars_expr-c150671a77946377.polars_expr.f440eb239ff47e82-cgu.09.bc?download=true
0,420,420,https://huggingface.co/buckets/llvm-opt-benchmark/llvm-opt-benchmark/resolve/llvm-test-suite/original/tramp3d-v4.bc?download=true
0,465,465,https://huggingface.co/buckets/llvm-opt-benchmark/llvm-opt-benchmark/resolve/faiss/original/IndexIVFAdditiveQuantizerFastScan.bc?download=true
0,495,495,https://huggingface.co/buckets/llvm-opt-benchmark/llvm-opt-benchmark/resolve/gromacs/original/kernel_ref_4x4.bc?download=true
0,520,520,https://huggingface.co/buckets/llvm-opt-benchmark/llvm-opt-benchmark/resolve/recastnavigation/original/implot_items.bc?download=true
0,8429,8429,https://huggingface.co/buckets/llvm-opt-benchmark/llvm-opt-benchmark/resolve/faiss/original/index_read.bc?download=true
0,11004,11004,https://huggingface.co/buckets/llvm-opt-benchmark/llvm-opt-benchmark/resolve/faiss/original/fast_scan.bc?download=true
-1,6,7,https://huggingface.co/buckets/llvm-opt-benchmark/llvm-opt-benchmark/resolve/folly/original/StripedEDFThreadPoolExecutor.bc?download=true
-1,13,14,https://huggingface.co/buckets/llvm-opt-benchmark/llvm-opt-benchmark/resolve/darktable/original/introspection_liquify.bc?download=true
-1,13,14,https://huggingface.co/buckets/llvm-opt-benchmark/llvm-opt-benchmark/resolve/stb/original/stb_dxt.bc?download=true
-1,27,28,https://huggingface.co/buckets/llvm-opt-benchmark/llvm-opt-benchmark/resolve/faiss/original/IndexPQFastScan.bc?download=true
-1,105,106,https://huggingface.co/buckets/llvm-opt-benchmark/llvm-opt-benchmark/resolve/recastnavigation/original/DebugDraw.bc?download=true
-1,149,150,https://huggingface.co/buckets/llvm-opt-benchmark/llvm-opt-benchmark/resolve/darktable/original/vectorscope.bc?download=true
-1,154,155,https://huggingface.co/buckets/llvm-opt-benchmark/llvm-opt-benchmark/resolve/memcached/original/slabs.bc?download=true
-1,197,198,https://huggingface.co/buckets/llvm-opt-benchmark/llvm-opt-benchmark/resolve/darktable/original/introspection_colorbalance.bc?download=true
-1,326,327,https://huggingface.co/buckets/llvm-opt-benchmark/llvm-opt-benchmark/resolve/raylib/original/raudio.bc?download=true
-1,350,351,https://huggingface.co/buckets/llvm-opt-benchmark/llvm-opt-benchmark/resolve/miniaudio/original/miniaudio.bc?download=true
-1,446,447,https://huggingface.co/buckets/llvm-opt-benchmark/llvm-opt-benchmark/resolve/darktable/original/introspection_vignette.bc?download=true
-2,17,19,https://huggingface.co/buckets/llvm-opt-benchmark/llvm-opt-benchmark/resolve/arrow/original/memory_pool.bc?download=true
-2,17,19,https://huggingface.co/buckets/llvm-opt-benchmark/llvm-opt-benchmark/resolve/velox/original/memory_pool.bc?download=true
-2,111,113,https://huggingface.co/buckets/llvm-opt-benchmark/llvm-opt-benchmark/resolve/darktable/original/gradient.bc?download=true
-2,124,126,https://huggingface.co/buckets/llvm-opt-benchmark/llvm-opt-benchmark/resolve/darktable/original/colorspaces.bc?download=true
-2,127,129,https://huggingface.co/buckets/llvm-opt-benchmark/llvm-opt-benchmark/resolve/opencv/original/shapedescr.bc?download=true
-2,160,162,https://huggingface.co/buckets/llvm-opt-benchmark/llvm-opt-benchmark/resolve/faiss/original/IndexIVFPQFastScan.bc?download=true
-2,267,269,https://huggingface.co/buckets/llvm-opt-benchmark/llvm-opt-benchmark/resolve/darktable/original/nlmeans_core.bc?download=true
-2,290,292,https://huggingface.co/buckets/llvm-opt-benchmark/llvm-opt-benchmark/resolve/libigl/original/ImGuizmo.bc?download=true
-2,461,463,https://huggingface.co/buckets/llvm-opt-benchmark/llvm-opt-benchmark/resolve/raylib/original/rmodels.bc?download=true
-3,7,10,https://huggingface.co/buckets/llvm-opt-benchmark/llvm-opt-benchmark/resolve/qemu/original/memalign.bc?download=true
-3,22,25,https://huggingface.co/buckets/llvm-opt-benchmark/llvm-opt-benchmark/resolve/llvm-test-suite/original/almabench.bc?download=true
-3,45,48,https://huggingface.co/buckets/llvm-opt-benchmark/llvm-opt-benchmark/resolve/ocio/original/Platform.bc?download=true
-3,237,240,https://huggingface.co/buckets/llvm-opt-benchmark/llvm-opt-benchmark/resolve/proj/original/som.bc?download=true
-3,2044,2047,https://huggingface.co/buckets/llvm-opt-benchmark/llvm-opt-benchmark/resolve/velox/original/CPUThreadPoolExecutor.bc?download=true
-4,6,10,https://huggingface.co/buckets/llvm-opt-benchmark/llvm-opt-benchmark/resolve/opencv/original/alloc.bc?download=true
-4,22,26,https://huggingface.co/buckets/llvm-opt-benchmark/llvm-opt-benchmark/resolve/ffmpeg/original/speexdec.bc?download=true
-4,53,57,https://huggingface.co/buckets/llvm-opt-benchmark/llvm-opt-benchmark/resolve/tev/original/nanovg.bc?download=true
-4,53,57,https://huggingface.co/buckets/llvm-opt-benchmark/llvm-opt-benchmark/resolve/darktable/original/bilateral.bc?download=true
-4,157,161,https://huggingface.co/buckets/llvm-opt-benchmark/llvm-opt-benchmark/resolve/darktable/original/iop_profile.bc?download=true
-4,332,336,https://huggingface.co/buckets/llvm-opt-benchmark/llvm-opt-benchmark/resolve/faiss/original/IndexRaBitQFastScan.bc?download=true
-4,548,552,https://huggingface.co/buckets/llvm-opt-benchmark/llvm-opt-benchmark/resolve/darktable/original/introspection_colorbalancergb.bc?download=true
-4,1050,1054,https://huggingface.co/buckets/llvm-opt-benchmark/llvm-opt-benchmark/resolve/faiss/original/IndexIVFFastScan.bc?download=true
-4,10543,10547,https://huggingface.co/buckets/llvm-opt-benchmark/llvm-opt-benchmark/resolve/folly/original/CPUThreadPoolExecutor.bc?download=true
-5,32,37,https://huggingface.co/buckets/llvm-opt-benchmark/llvm-opt-benchmark/resolve/darktable/original/dcb_demosaic.bc?download=true
-5,203,208,https://huggingface.co/buckets/llvm-opt-benchmark/llvm-opt-benchmark/resolve/darktable/original/introspection_denoiseprofile.bc?download=true
-5,274,279,https://huggingface.co/buckets/llvm-opt-benchmark/llvm-opt-benchmark/resolve/raylib/original/rcore.bc?download=true
-6,9,15,https://huggingface.co/buckets/llvm-opt-benchmark/llvm-opt-benchmark/resolve/tev/original/lib.bc?download=true
-6,120,126,https://huggingface.co/buckets/llvm-opt-benchmark/llvm-opt-benchmark/resolve/opencv/original/bundle.bc?download=true
-7,61,68,https://huggingface.co/buckets/llvm-opt-benchmark/llvm-opt-benchmark/resolve/proj/original/labrd.bc?download=true
-9,80,89,https://huggingface.co/buckets/llvm-opt-benchmark/llvm-opt-benchmark/resolve/opencv/original/ap3p.bc?download=true
-10,26,36,https://huggingface.co/buckets/llvm-opt-benchmark/llvm-opt-benchmark/resolve/darktable/original/introspection_graduatednd.bc?download=true
-10,83,93,https://huggingface.co/buckets/llvm-opt-benchmark/llvm-opt-benchmark/resolve/sundials/original/idaSlCrank_dns.bc?download=true
-10,89,99,https://huggingface.co/buckets/llvm-opt-benchmark/llvm-opt-benchmark/resolve/sundials/original/idasSlCrank_FSA_dns.bc?download=true
-11,732,743,https://huggingface.co/buckets/llvm-opt-benchmark/llvm-opt-benchmark/resolve/faiss/original/test_rabitq_fastscan.bc?download=true
-13,355,368,https://huggingface.co/buckets/llvm-opt-benchmark/llvm-opt-benchmark/resolve/libigl/original/svd3x3.bc?download=true
-13,614,627,https://huggingface.co/buckets/llvm-opt-benchmark/llvm-opt-benchmark/resolve/ncnn/original/convolution_x86_avx512bf16.bc?download=true
-15,130,145,https://huggingface.co/buckets/llvm-opt-benchmark/llvm-opt-benchmark/resolve/darktable/original/introspection_highlights.bc?download=true
-15,875,890,https://huggingface.co/buckets/llvm-opt-benchmark/llvm-opt-benchmark/resolve/darktable/original/introspection_toneequal.bc?download=true
-16,97,113,https://huggingface.co/buckets/llvm-opt-benchmark/llvm-opt-benchmark/resolve/libigl/original/scene_instance_array.bc?download=true
-16,110,126,https://huggingface.co/buckets/llvm-opt-benchmark/llvm-opt-benchmark/resolve/darktable/original/locallaplacian.bc?download=true
-17,96,113,https://huggingface.co/buckets/llvm-opt-benchmark/llvm-opt-benchmark/resolve/darktable/original/introspection_cacorrect.bc?download=true
-20,557,577,https://huggingface.co/buckets/llvm-opt-benchmark/llvm-opt-benchmark/resolve/faiss/original/BlockInvertedLists.bc?download=true
-23,142,165,https://huggingface.co/buckets/llvm-opt-benchmark/llvm-opt-benchmark/resolve/darktable/original/exif.bc?download=true
-24,123,147,https://huggingface.co/buckets/llvm-opt-benchmark/llvm-opt-benchmark/resolve/ncnn/original/allocator.bc?download=true
-26,67,93,https://huggingface.co/buckets/llvm-opt-benchmark/llvm-opt-benchmark/resolve/oiio/original/gainmapmath.bc?download=true
-29,131,160,https://huggingface.co/buckets/llvm-opt-benchmark/llvm-opt-benchmark/resolve/darktable/original/introspection_lut3d.bc?download=true
-32,588,620,https://huggingface.co/buckets/llvm-opt-benchmark/llvm-opt-benchmark/resolve/faiss/original/IndexIVFRaBitQFastScan.bc?download=true
-33,667,700,https://huggingface.co/buckets/llvm-opt-benchmark/llvm-opt-benchmark/resolve/ncnn/original/convolution_x86_fma.bc?download=true
-46,147,193,https://huggingface.co/buckets/llvm-opt-benchmark/llvm-opt-benchmark/resolve/llvm-test-suite/original/box.bc?download=true
-47,1497,1544,https://huggingface.co/buckets/llvm-opt-benchmark/llvm-opt-benchmark/resolve/lightgbm/original/bin.bc?download=true
-67,191,258,https://huggingface.co/buckets/llvm-opt-benchmark/llvm-opt-benchmark/resolve/darktable/original/introspection_colorchecker.bc?download=true
-72,61,133,https://huggingface.co/buckets/llvm-opt-benchmark/llvm-opt-benchmark/resolve/darktable/original/guided_filter.bc?download=true
-76,519,595,https://huggingface.co/buckets/llvm-opt-benchmark/llvm-opt-benchmark/resolve/darktable/original/gaussian.bc?download=true
-79,84,163,https://huggingface.co/buckets/llvm-opt-benchmark/llvm-opt-benchmark/resolve/darktable/original/thinplate.bc?download=true
-97,662,759,https://huggingface.co/buckets/llvm-opt-benchmark/llvm-opt-benchmark/resolve/llvm-test-suite/original/LCALSSuite.bc?download=true
-153,234,387,https://huggingface.co/buckets/llvm-opt-benchmark/llvm-opt-benchmark/resolve/darktable/original/eaw.bc?download=true
